-- =====================================================
-- AgriLink Seed Data Script
-- Creates: 2 Farmers, 1 Customer, Categories, 100 Products
-- =====================================================

-- =====================================================
-- AUTH SERVICE DATABASE (agrilink_auth)
-- =====================================================
\c agrilink_auth;

-- Create Roles
INSERT INTO roles (id, name, description, created_at, updated_at) VALUES
('11111111-1111-1111-1111-111111111111', 'FARMER', 'Farm owner who can list and sell products', NOW(), NOW()),
('22222222-2222-2222-2222-222222222222', 'BUYER', 'Customer who can purchase products', NOW(), NOW()),
('33333333-3333-3333-3333-333333333333', 'ADMIN', 'System administrator with full access', NOW(), NOW())
ON CONFLICT (name) DO NOTHING;

-- Create Users (Password: Password@123 - BCrypt encoded)
-- Farmer 1: Rajesh Kumar
INSERT INTO users (id, email, phone, password, enabled, account_non_expired, account_non_locked, credentials_non_expired, created_at, updated_at) VALUES
('aaaa1111-aaaa-1111-aaaa-111111111111', 'rajesh.kumar@agrilink.com', '+919876543210', '$2a$10$N9qo8uLOickgx2ZMRZoMye7Ij.w9./FfC2HHCS8eY0qRgSYK.qZz.', true, true, true, true, NOW(), NOW())
ON CONFLICT (email) DO NOTHING;

-- Farmer 2: Priya Sharma  
INSERT INTO users (id, email, phone, password, enabled, account_non_expired, account_non_locked, credentials_non_expired, created_at, updated_at) VALUES
('aaaa2222-aaaa-2222-aaaa-222222222222', 'priya.sharma@agrilink.com', '+919876543211', '$2a$10$N9qo8uLOickgx2ZMRZoMye7Ij.w9./FfC2HHCS8eY0qRgSYK.qZz.', true, true, true, true, NOW(), NOW())
ON CONFLICT (email) DO NOTHING;

-- Customer: Amit Patel
INSERT INTO users (id, email, phone, password, enabled, account_non_expired, account_non_locked, credentials_non_expired, created_at, updated_at) VALUES
('bbbb1111-bbbb-1111-bbbb-111111111111', 'amit.patel@agrilink.com', '+919876543212', '$2a$10$N9qo8uLOickgx2ZMRZoMye7Ij.w9./FfC2HHCS8eY0qRgSYK.qZz.', true, true, true, true, NOW(), NOW())
ON CONFLICT (email) DO NOTHING;

-- Assign Roles to Users
INSERT INTO user_roles (user_id, role_id) VALUES
('aaaa1111-aaaa-1111-aaaa-111111111111', '11111111-1111-1111-1111-111111111111'),
('aaaa2222-aaaa-2222-aaaa-222222222222', '11111111-1111-1111-1111-111111111111'),
('bbbb1111-bbbb-1111-bbbb-111111111111', '22222222-2222-2222-2222-222222222222')
ON CONFLICT DO NOTHING;

-- =====================================================
-- USER SERVICE DATABASE (agrilink_user)
-- =====================================================
\c agrilink_user;

-- User Profiles
INSERT INTO user_profiles (id, user_id, first_name, last_name, date_of_birth, address, city, state, country, postal_code, profile_picture_url, bio, created_at, updated_at) VALUES
('cccc1111-cccc-1111-cccc-111111111111', 'aaaa1111-aaaa-1111-aaaa-111111111111', 'Rajesh', 'Kumar', '1985-05-15', '123 Farm Road, Village Sundarpur', 'Lucknow', 'Uttar Pradesh', 'India', '226001', 'https://randomuser.me/api/portraits/men/32.jpg', 'Third-generation farmer specializing in organic vegetables and grains. Running a 50-acre family farm with sustainable farming practices.', NOW(), NOW()),
('cccc2222-cccc-2222-cccc-222222222222', 'aaaa2222-aaaa-2222-aaaa-222222222222', 'Priya', 'Sharma', '1990-08-22', '456 Green Valley, Village Haritpur', 'Pune', 'Maharashtra', 'India', '411001', 'https://randomuser.me/api/portraits/women/44.jpg', 'Passionate about organic farming and connecting farmers directly with consumers. Specialist in exotic fruits and premium spices.', NOW(), NOW()),
('cccc3333-cccc-3333-cccc-333333333333', 'bbbb1111-bbbb-1111-bbbb-111111111111', 'Amit', 'Patel', '1988-12-10', '789 Business Park, Sector 5', 'Mumbai', 'Maharashtra', 'India', '400001', 'https://randomuser.me/api/portraits/men/67.jpg', 'Restaurant owner looking for fresh, organic produce directly from farmers.', NOW(), NOW())
ON CONFLICT (user_id) DO NOTHING;

-- =====================================================
-- FARM SERVICE DATABASE (agrilink_farm)
-- =====================================================
\c agrilink_farm;

-- Farms for Farmer 1 (Rajesh Kumar)
INSERT INTO farms (id, farmer_id, name, description, location, total_area, area_unit, latitude, longitude, active, created_at, updated_at) VALUES
('dddd1111-dddd-1111-dddd-111111111111', 'aaaa1111-aaaa-1111-aaaa-111111111111', 'Kumar Organic Farm', 'A 50-acre organic farm specializing in vegetables, grains, and pulses. Certified organic since 2015.', 'Sundarpur Village, Lucknow District, Uttar Pradesh', 50.00, 'HECTARE', 26.8467, 80.9462, true, NOW(), NOW())
ON CONFLICT (id) DO NOTHING;

-- Farms for Farmer 2 (Priya Sharma)
INSERT INTO farms (id, farmer_id, name, description, location, total_area, area_unit, latitude, longitude, active, created_at, updated_at) VALUES
('dddd2222-dddd-2222-dddd-222222222222', 'aaaa2222-aaaa-2222-aaaa-222222222222', 'Sharma Fruits & Spices', 'Premium fruit orchard and spice garden spread across 35 acres. Known for exotic mangoes and quality spices.', 'Haritpur Village, Pune District, Maharashtra', 35.00, 'HECTARE', 18.5204, 73.8567, true, NOW(), NOW())
ON CONFLICT (id) DO NOTHING;

-- =====================================================
-- MARKETPLACE SERVICE DATABASE (agrilink_marketplace)
-- =====================================================
\c agrilink_marketplace;

-- Categories
INSERT INTO categories (id, name, description, parent_id, active, created_at, updated_at) VALUES
('eeee0001-eeee-0001-eeee-000000000001', 'Vegetables', 'Fresh vegetables directly from farms', NULL, true, NOW(), NOW()),
('eeee0002-eeee-0002-eeee-000000000002', 'Fruits', 'Fresh and seasonal fruits', NULL, true, NOW(), NOW()),
('eeee0003-eeee-0003-eeee-000000000003', 'Grains & Cereals', 'Rice, wheat, millets and other grains', NULL, true, NOW(), NOW()),
('eeee0004-eeee-0004-eeee-000000000004', 'Pulses & Legumes', 'Lentils, beans, and other pulses', NULL, true, NOW(), NOW()),
('eeee0005-eeee-0005-eeee-000000000005', 'Spices', 'Fresh and dried spices', NULL, true, NOW(), NOW()),
('eeee0006-eeee-0006-eeee-000000000006', 'Dairy Products', 'Milk, cheese, butter and more', NULL, true, NOW(), NOW()),
('eeee0007-eeee-0007-eeee-000000000007', 'Organic Products', 'Certified organic produce', NULL, true, NOW(), NOW()),
('eeee0008-eeee-0008-eeee-000000000008', 'Seeds & Saplings', 'Seeds and plant saplings for farming', NULL, true, NOW(), NOW())
ON CONFLICT (name) DO NOTHING;

-- =====================================================
-- LISTINGS (100 Products)
-- =====================================================

-- Farmer 1 (Rajesh Kumar) - 50 Products
-- Vegetables (15 products)
INSERT INTO listings (id, seller_id, farm_id, category_id, title, description, crop_type, quantity, quantity_unit, price_per_unit, currency, minimum_order, harvest_date, expiry_date, location, latitude, longitude, organic_certified, quality_grade, status, view_count, average_rating, review_count, created_at, updated_at) VALUES
('ffff0001-ffff-0001-ffff-000000000001', 'aaaa1111-aaaa-1111-aaaa-111111111111', 'dddd1111-dddd-1111-dddd-111111111111', 'eeee0001-eeee-0001-eeee-000000000001', 'Fresh Organic Tomatoes', 'Ripe, juicy organic tomatoes grown without pesticides. Perfect for salads and cooking.', 'Tomato', 500.00, 'KG', 45.00, 'INR', 5.00, '2026-01-15', '2026-01-30', 'Lucknow, Uttar Pradesh', 26.8467, 80.9462, true, 'A', 'ACTIVE', 125, 4.50, 12, NOW(), NOW()),
('ffff0002-ffff-0002-ffff-000000000002', 'aaaa1111-aaaa-1111-aaaa-111111111111', 'dddd1111-dddd-1111-dddd-111111111111', 'eeee0001-eeee-0001-eeee-000000000001', 'Green Capsicum (Bell Pepper)', 'Crisp and fresh green bell peppers. Rich in vitamins and great for stir-fry dishes.', 'Capsicum', 200.00, 'KG', 80.00, 'INR', 2.00, '2026-01-14', '2026-01-28', 'Lucknow, Uttar Pradesh', 26.8467, 80.9462, true, 'A', 'ACTIVE', 89, 4.30, 8, NOW(), NOW()),
('ffff0003-ffff-0003-ffff-000000000003', 'aaaa1111-aaaa-1111-aaaa-111111111111', 'dddd1111-dddd-1111-dddd-111111111111', 'eeee0001-eeee-0001-eeee-000000000001', 'Fresh Spinach (Palak)', 'Tender organic spinach leaves, freshly harvested. Excellent source of iron.', 'Spinach', 150.00, 'KG', 35.00, 'INR', 1.00, '2026-01-18', '2026-01-25', 'Lucknow, Uttar Pradesh', 26.8467, 80.9462, true, 'A+', 'ACTIVE', 156, 4.70, 15, NOW(), NOW()),
('ffff0004-ffff-0004-ffff-000000000004', 'aaaa1111-aaaa-1111-aaaa-111111111111', 'dddd1111-dddd-1111-dddd-111111111111', 'eeee0001-eeee-0001-eeee-000000000001', 'Organic Potatoes', 'Farm-fresh potatoes, perfect for curries, fries, and baking. No chemicals used.', 'Potato', 1000.00, 'KG', 25.00, 'INR', 10.00, '2026-01-10', '2026-02-28', 'Lucknow, Uttar Pradesh', 26.8467, 80.9462, true, 'A', 'ACTIVE', 234, 4.40, 22, NOW(), NOW()),
('ffff0005-ffff-0005-ffff-000000000005', 'aaaa1111-aaaa-1111-aaaa-111111111111', 'dddd1111-dddd-1111-dddd-111111111111', 'eeee0001-eeee-0001-eeee-000000000001', 'Fresh Onions', 'Quality red onions with strong flavor. Essential for every kitchen.', 'Onion', 800.00, 'KG', 30.00, 'INR', 5.00, '2026-01-12', '2026-03-15', 'Lucknow, Uttar Pradesh', 26.8467, 80.9462, false, 'A', 'ACTIVE', 312, 4.20, 28, NOW(), NOW()),
('ffff0006-ffff-0006-ffff-000000000006', 'aaaa1111-aaaa-1111-aaaa-111111111111', 'dddd1111-dddd-1111-dddd-111111111111', 'eeee0001-eeee-0001-eeee-000000000001', 'Organic Carrots', 'Sweet and crunchy organic carrots. Great for salads, juices, and cooking.', 'Carrot', 300.00, 'KG', 40.00, 'INR', 2.00, '2026-01-16', '2026-02-10', 'Lucknow, Uttar Pradesh', 26.8467, 80.9462, true, 'A', 'ACTIVE', 178, 4.60, 14, NOW(), NOW()),
('ffff0007-ffff-0007-ffff-000000000007', 'aaaa1111-aaaa-1111-aaaa-111111111111', 'dddd1111-dddd-1111-dddd-111111111111', 'eeee0001-eeee-0001-eeee-000000000001', 'Fresh Cauliflower', 'White, compact cauliflower heads. Perfect for gobi dishes and stir-fry.', 'Cauliflower', 250.00, 'KG', 35.00, 'INR', 2.00, '2026-01-17', '2026-01-31', 'Lucknow, Uttar Pradesh', 26.8467, 80.9462, true, 'A', 'ACTIVE', 145, 4.35, 11, NOW(), NOW()),
('ffff0008-ffff-0008-ffff-000000000008', 'aaaa1111-aaaa-1111-aaaa-111111111111', 'dddd1111-dddd-1111-dddd-111111111111', 'eeee0001-eeee-0001-eeee-000000000001', 'Green Peas (Matar)', 'Sweet and tender green peas, freshly shelled. Perfect for pulao and curries.', 'Peas', 180.00, 'KG', 90.00, 'INR', 1.00, '2026-01-15', '2026-01-28', 'Lucknow, Uttar Pradesh', 26.8467, 80.9462, true, 'A+', 'ACTIVE', 201, 4.75, 18, NOW(), NOW()),
('ffff0009-ffff-0009-ffff-000000000009', 'aaaa1111-aaaa-1111-aaaa-111111111111', 'dddd1111-dddd-1111-dddd-111111111111', 'eeee0001-eeee-0001-eeee-000000000001', 'Fresh Brinjal (Eggplant)', 'Purple, glossy brinjals perfect for bhartha and curries.', 'Brinjal', 220.00, 'KG', 30.00, 'INR', 2.00, '2026-01-14', '2026-01-28', 'Lucknow, Uttar Pradesh', 26.8467, 80.9462, false, 'A', 'ACTIVE', 98, 4.15, 7, NOW(), NOW()),
('ffff0010-ffff-0010-ffff-000000000010', 'aaaa1111-aaaa-1111-aaaa-111111111111', 'dddd1111-dddd-1111-dddd-111111111111', 'eeee0001-eeee-0001-eeee-000000000001', 'Bottle Gourd (Lauki)', 'Fresh and tender bottle gourd. Light and healthy for daily cooking.', 'Bottle Gourd', 180.00, 'KG', 25.00, 'INR', 2.00, '2026-01-16', '2026-01-30', 'Lucknow, Uttar Pradesh', 26.8467, 80.9462, true, 'A', 'ACTIVE', 76, 4.10, 6, NOW(), NOW()),
('ffff0011-ffff-0011-ffff-000000000011', 'aaaa1111-aaaa-1111-aaaa-111111111111', 'dddd1111-dddd-1111-dddd-111111111111', 'eeee0001-eeee-0001-eeee-000000000001', 'Fresh Cucumber', 'Crisp and refreshing cucumbers. Perfect for salads and raita.', 'Cucumber', 200.00, 'KG', 28.00, 'INR', 2.00, '2026-01-17', '2026-01-28', 'Lucknow, Uttar Pradesh', 26.8467, 80.9462, true, 'A', 'ACTIVE', 112, 4.25, 9, NOW(), NOW()),
('ffff0012-ffff-0012-ffff-000000000012', 'aaaa1111-aaaa-1111-aaaa-111111111111', 'dddd1111-dddd-1111-dddd-111111111111', 'eeee0001-eeee-0001-eeee-000000000001', 'Organic Bitter Gourd (Karela)', 'Fresh bitter gourd known for health benefits. Great for diabetic-friendly dishes.', 'Bitter Gourd', 100.00, 'KG', 45.00, 'INR', 1.00, '2026-01-15', '2026-01-28', 'Lucknow, Uttar Pradesh', 26.8467, 80.9462, true, 'A', 'ACTIVE', 65, 4.00, 5, NOW(), NOW()),
('ffff0013-ffff-0013-ffff-000000000013', 'aaaa1111-aaaa-1111-aaaa-111111111111', 'dddd1111-dddd-1111-dddd-111111111111', 'eeee0001-eeee-0001-eeee-000000000001', 'Fresh Radish (Mooli)', 'White, crunchy radishes. Perfect for parathas and salads.', 'Radish', 150.00, 'KG', 22.00, 'INR', 2.00, '2026-01-18', '2026-01-30', 'Lucknow, Uttar Pradesh', 26.8467, 80.9462, true, 'A', 'ACTIVE', 54, 4.05, 4, NOW(), NOW()),
('ffff0014-ffff-0014-ffff-000000000014', 'aaaa1111-aaaa-1111-aaaa-111111111111', 'dddd1111-dddd-1111-dddd-111111111111', 'eeee0001-eeee-0001-eeee-000000000001', 'Green Chillies', 'Spicy green chillies for that extra kick in your dishes.', 'Green Chilli', 50.00, 'KG', 60.00, 'INR', 0.50, '2026-01-17', '2026-01-28', 'Lucknow, Uttar Pradesh', 26.8467, 80.9462, false, 'A', 'ACTIVE', 189, 4.45, 16, NOW(), NOW()),
('ffff0015-ffff-0015-ffff-000000000015', 'aaaa1111-aaaa-1111-aaaa-111111111111', 'dddd1111-dddd-1111-dddd-111111111111', 'eeee0001-eeee-0001-eeee-000000000001', 'Fresh Coriander (Dhaniya)', 'Aromatic fresh coriander leaves. Essential for garnishing and chutneys.', 'Coriander', 80.00, 'KG', 50.00, 'INR', 0.50, '2026-01-19', '2026-01-26', 'Lucknow, Uttar Pradesh', 26.8467, 80.9462, true, 'A+', 'ACTIVE', 223, 4.65, 20, NOW(), NOW()),

-- Grains & Cereals (12 products) - Farmer 1
('ffff0016-ffff-0016-ffff-000000000016', 'aaaa1111-aaaa-1111-aaaa-111111111111', 'dddd1111-dddd-1111-dddd-111111111111', 'eeee0003-eeee-0003-eeee-000000000003', 'Premium Basmati Rice', 'Long-grain aromatic basmati rice. Aged for 2 years for best flavor.', 'Rice', 2000.00, 'KG', 120.00, 'INR', 25.00, '2025-11-15', '2026-11-15', 'Lucknow, Uttar Pradesh', 26.8467, 80.9462, false, 'A+', 'ACTIVE', 456, 4.80, 42, NOW(), NOW()),
('ffff0017-ffff-0017-ffff-000000000017', 'aaaa1111-aaaa-1111-aaaa-111111111111', 'dddd1111-dddd-1111-dddd-111111111111', 'eeee0003-eeee-0003-eeee-000000000003', 'Organic Wheat Flour (Atta)', 'Stone-ground whole wheat flour from organic wheat. Perfect for rotis.', 'Wheat', 1500.00, 'KG', 45.00, 'INR', 10.00, '2025-12-01', '2026-06-01', 'Lucknow, Uttar Pradesh', 26.8467, 80.9462, true, 'A', 'ACTIVE', 389, 4.55, 35, NOW(), NOW()),
('ffff0018-ffff-0018-ffff-000000000018', 'aaaa1111-aaaa-1111-aaaa-111111111111', 'dddd1111-dddd-1111-dddd-111111111111', 'eeee0003-eeee-0003-eeee-000000000003', 'Pearl Millet (Bajra)', 'Nutritious bajra grains. Excellent for rotis and porridge.', 'Millet', 500.00, 'KG', 55.00, 'INR', 5.00, '2025-11-20', '2026-05-20', 'Lucknow, Uttar Pradesh', 26.8467, 80.9462, true, 'A', 'ACTIVE', 167, 4.30, 13, NOW(), NOW()),
('ffff0019-ffff-0019-ffff-000000000019', 'aaaa1111-aaaa-1111-aaaa-111111111111', 'dddd1111-dddd-1111-dddd-111111111111', 'eeee0003-eeee-0003-eeee-000000000003', 'Finger Millet (Ragi)', 'Calcium-rich ragi grains. Perfect for health-conscious consumers.', 'Ragi', 400.00, 'KG', 65.00, 'INR', 5.00, '2025-11-25', '2026-05-25', 'Lucknow, Uttar Pradesh', 26.8467, 80.9462, true, 'A', 'ACTIVE', 198, 4.45, 17, NOW(), NOW()),
('ffff0020-ffff-0020-ffff-000000000020', 'aaaa1111-aaaa-1111-aaaa-111111111111', 'dddd1111-dddd-1111-dddd-111111111111', 'eeee0003-eeee-0003-eeee-000000000003', 'Sorghum (Jowar)', 'Gluten-free jowar grains. Great for rotis and health drinks.', 'Jowar', 450.00, 'KG', 50.00, 'INR', 5.00, '2025-12-05', '2026-06-05', 'Lucknow, Uttar Pradesh', 26.8467, 80.9462, true, 'A', 'ACTIVE', 134, 4.25, 10, NOW(), NOW()),
('ffff0021-ffff-0021-ffff-000000000021', 'aaaa1111-aaaa-1111-aaaa-111111111111', 'dddd1111-dddd-1111-dddd-111111111111', 'eeee0003-eeee-0003-eeee-000000000003', 'Brown Rice', 'Unpolished brown rice with high fiber content. Healthy alternative to white rice.', 'Rice', 600.00, 'KG', 85.00, 'INR', 5.00, '2025-11-10', '2026-05-10', 'Lucknow, Uttar Pradesh', 26.8467, 80.9462, true, 'A', 'ACTIVE', 223, 4.50, 19, NOW(), NOW()),
('ffff0022-ffff-0022-ffff-000000000022', 'aaaa1111-aaaa-1111-aaaa-111111111111', 'dddd1111-dddd-1111-dddd-111111111111', 'eeee0003-eeee-0003-eeee-000000000003', 'Broken Wheat (Dalia)', 'Nutritious broken wheat for upma and porridge. High in fiber.', 'Wheat', 350.00, 'KG', 40.00, 'INR', 2.00, '2025-12-10', '2026-06-10', 'Lucknow, Uttar Pradesh', 26.8467, 80.9462, true, 'A', 'ACTIVE', 112, 4.20, 8, NOW(), NOW()),
('ffff0023-ffff-0023-ffff-000000000023', 'aaaa1111-aaaa-1111-aaaa-111111111111', 'dddd1111-dddd-1111-dddd-111111111111', 'eeee0003-eeee-0003-eeee-000000000003', 'Semolina (Sooji/Rava)', 'Fine semolina for upma, halwa, and other dishes.', 'Wheat', 300.00, 'KG', 38.00, 'INR', 2.00, '2025-12-15', '2026-06-15', 'Lucknow, Uttar Pradesh', 26.8467, 80.9462, false, 'A', 'ACTIVE', 145, 4.35, 12, NOW(), NOW()),
('ffff0024-ffff-0024-ffff-000000000024', 'aaaa1111-aaaa-1111-aaaa-111111111111', 'dddd1111-dddd-1111-dddd-111111111111', 'eeee0003-eeee-0003-eeee-000000000003', 'Corn (Makka)', 'Fresh corn kernels. Perfect for snacks and curries.', 'Corn', 400.00, 'KG', 35.00, 'INR', 5.00, '2026-01-05', '2026-03-05', 'Lucknow, Uttar Pradesh', 26.8467, 80.9462, false, 'A', 'ACTIVE', 98, 4.15, 7, NOW(), NOW()),
('ffff0025-ffff-0025-ffff-000000000025', 'aaaa1111-aaaa-1111-aaaa-111111111111', 'dddd1111-dddd-1111-dddd-111111111111', 'eeee0003-eeee-0003-eeee-000000000003', 'Oats (Organic)', 'Rolled organic oats. Perfect for healthy breakfast.', 'Oats', 200.00, 'KG', 150.00, 'INR', 1.00, '2025-12-20', '2026-06-20', 'Lucknow, Uttar Pradesh', 26.8467, 80.9462, true, 'A+', 'ACTIVE', 267, 4.70, 24, NOW(), NOW()),
('ffff0026-ffff-0026-ffff-000000000026', 'aaaa1111-aaaa-1111-aaaa-111111111111', 'dddd1111-dddd-1111-dddd-111111111111', 'eeee0003-eeee-0003-eeee-000000000003', 'Barley (Jau)', 'Whole barley grains. Great for soups and health drinks.', 'Barley', 250.00, 'KG', 48.00, 'INR', 2.00, '2025-11-28', '2026-05-28', 'Lucknow, Uttar Pradesh', 26.8467, 80.9462, true, 'A', 'ACTIVE', 89, 4.10, 6, NOW(), NOW()),
('ffff0027-ffff-0027-ffff-000000000027', 'aaaa1111-aaaa-1111-aaaa-111111111111', 'dddd1111-dddd-1111-dddd-111111111111', 'eeee0003-eeee-0003-eeee-000000000003', 'Quinoa (Indian Grown)', 'Protein-rich quinoa grown locally. Superfood for health enthusiasts.', 'Quinoa', 100.00, 'KG', 350.00, 'INR', 0.50, '2025-12-25', '2026-06-25', 'Lucknow, Uttar Pradesh', 26.8467, 80.9462, true, 'A+', 'ACTIVE', 312, 4.85, 28, NOW(), NOW()),

-- Pulses & Legumes (13 products) - Farmer 1
('ffff0028-ffff-0028-ffff-000000000028', 'aaaa1111-aaaa-1111-aaaa-111111111111', 'dddd1111-dddd-1111-dddd-111111111111', 'eeee0004-eeee-0004-eeee-000000000004', 'Toor Dal (Arhar)', 'Premium quality toor dal. Essential for sambar and dal fry.', 'Toor Dal', 500.00, 'KG', 140.00, 'INR', 5.00, '2025-11-01', '2026-05-01', 'Lucknow, Uttar Pradesh', 26.8467, 80.9462, false, 'A', 'ACTIVE', 345, 4.55, 32, NOW(), NOW()),
('ffff0029-ffff-0029-ffff-000000000029', 'aaaa1111-aaaa-1111-aaaa-111111111111', 'dddd1111-dddd-1111-dddd-111111111111', 'eeee0004-eeee-0004-eeee-000000000004', 'Moong Dal (Yellow)', 'Easy to digest yellow moong dal. Perfect for khichdi and dal.', 'Moong Dal', 400.00, 'KG', 130.00, 'INR', 5.00, '2025-11-05', '2026-05-05', 'Lucknow, Uttar Pradesh', 26.8467, 80.9462, true, 'A', 'ACTIVE', 289, 4.60, 26, NOW(), NOW()),
('ffff0030-ffff-0030-ffff-000000000030', 'aaaa1111-aaaa-1111-aaaa-111111111111', 'dddd1111-dddd-1111-dddd-111111111111', 'eeee0004-eeee-0004-eeee-000000000004', 'Chana Dal', 'Split chickpeas for dal and snacks. High in protein.', 'Chana Dal', 450.00, 'KG', 95.00, 'INR', 5.00, '2025-11-10', '2026-05-10', 'Lucknow, Uttar Pradesh', 26.8467, 80.9462, false, 'A', 'ACTIVE', 234, 4.40, 21, NOW(), NOW()),
('ffff0031-ffff-0031-ffff-000000000031', 'aaaa1111-aaaa-1111-aaaa-111111111111', 'dddd1111-dddd-1111-dddd-111111111111', 'eeee0004-eeee-0004-eeee-000000000004', 'Masoor Dal (Red Lentils)', 'Quick-cooking red lentils. Great for everyday dal.', 'Masoor Dal', 350.00, 'KG', 105.00, 'INR', 5.00, '2025-11-15', '2026-05-15', 'Lucknow, Uttar Pradesh', 26.8467, 80.9462, true, 'A', 'ACTIVE', 198, 4.35, 17, NOW(), NOW()),
('ffff0032-ffff-0032-ffff-000000000032', 'aaaa1111-aaaa-1111-aaaa-111111111111', 'dddd1111-dddd-1111-dddd-111111111111', 'eeee0004-eeee-0004-eeee-000000000004', 'Urad Dal (Black Gram)', 'Whole black gram for dal makhani and idli batter.', 'Urad Dal', 300.00, 'KG', 145.00, 'INR', 5.00, '2025-11-20', '2026-05-20', 'Lucknow, Uttar Pradesh', 26.8467, 80.9462, true, 'A+', 'ACTIVE', 267, 4.65, 23, NOW(), NOW()),
('ffff0033-ffff-0033-ffff-000000000033', 'aaaa1111-aaaa-1111-aaaa-111111111111', 'dddd1111-dddd-1111-dddd-111111111111', 'eeee0004-eeee-0004-eeee-000000000004', 'Kabuli Chana (Chickpeas)', 'Large white chickpeas for chole and salads.', 'Chickpeas', 400.00, 'KG', 110.00, 'INR', 5.00, '2025-11-08', '2026-05-08', 'Lucknow, Uttar Pradesh', 26.8467, 80.9462, false, 'A', 'ACTIVE', 312, 4.50, 28, NOW(), NOW()),
('ffff0034-ffff-0034-ffff-000000000034', 'aaaa1111-aaaa-1111-aaaa-111111111111', 'dddd1111-dddd-1111-dddd-111111111111', 'eeee0004-eeee-0004-eeee-000000000004', 'Rajma (Kidney Beans)', 'Premium red kidney beans for rajma chawal.', 'Kidney Beans', 350.00, 'KG', 135.00, 'INR', 5.00, '2025-11-12', '2026-05-12', 'Lucknow, Uttar Pradesh', 26.8467, 80.9462, false, 'A', 'ACTIVE', 278, 4.55, 25, NOW(), NOW()),
('ffff0035-ffff-0035-ffff-000000000035', 'aaaa1111-aaaa-1111-aaaa-111111111111', 'dddd1111-dddd-1111-dddd-111111111111', 'eeee0004-eeee-0004-eeee-000000000004', 'Green Moong (Whole)', 'Whole green moong for sprouts and curries.', 'Green Moong', 250.00, 'KG', 120.00, 'INR', 2.00, '2025-11-18', '2026-05-18', 'Lucknow, Uttar Pradesh', 26.8467, 80.9462, true, 'A', 'ACTIVE', 156, 4.30, 13, NOW(), NOW()),
('ffff0036-ffff-0036-ffff-000000000036', 'aaaa1111-aaaa-1111-aaaa-111111111111', 'dddd1111-dddd-1111-dddd-111111111111', 'eeee0004-eeee-0004-eeee-000000000004', 'Black Eyed Peas (Lobia)', 'Nutritious lobia for curries and salads.', 'Lobia', 200.00, 'KG', 95.00, 'INR', 2.00, '2025-11-22', '2026-05-22', 'Lucknow, Uttar Pradesh', 26.8467, 80.9462, true, 'A', 'ACTIVE', 112, 4.20, 9, NOW(), NOW()),
('ffff0037-ffff-0037-ffff-000000000037', 'aaaa1111-aaaa-1111-aaaa-111111111111', 'dddd1111-dddd-1111-dddd-111111111111', 'eeee0004-eeee-0004-eeee-000000000004', 'Kulthi Dal (Horse Gram)', 'Traditional horse gram dal. Known for health benefits.', 'Kulthi', 150.00, 'KG', 85.00, 'INR', 2.00, '2025-11-25', '2026-05-25', 'Lucknow, Uttar Pradesh', 26.8467, 80.9462, true, 'A', 'ACTIVE', 78, 4.15, 6, NOW(), NOW()),
('ffff0038-ffff-0038-ffff-000000000038', 'aaaa1111-aaaa-1111-aaaa-111111111111', 'dddd1111-dddd-1111-dddd-111111111111', 'eeee0004-eeee-0004-eeee-000000000004', 'Moth Beans (Matki)', 'Small moth beans for sprouts and Maharashtrian dishes.', 'Moth', 180.00, 'KG', 90.00, 'INR', 2.00, '2025-11-28', '2026-05-28', 'Lucknow, Uttar Pradesh', 26.8467, 80.9462, true, 'A', 'ACTIVE', 89, 4.10, 7, NOW(), NOW()),
('ffff0039-ffff-0039-ffff-000000000039', 'aaaa1111-aaaa-1111-aaaa-111111111111', 'dddd1111-dddd-1111-dddd-111111111111', 'eeee0004-eeee-0004-eeee-000000000004', 'Peanuts (Raw)', 'Fresh raw peanuts. Great for snacks and cooking.', 'Peanuts', 300.00, 'KG', 110.00, 'INR', 2.00, '2025-12-01', '2026-06-01', 'Lucknow, Uttar Pradesh', 26.8467, 80.9462, false, 'A', 'ACTIVE', 234, 4.45, 20, NOW(), NOW()),
('ffff0040-ffff-0040-ffff-000000000040', 'aaaa1111-aaaa-1111-aaaa-111111111111', 'dddd1111-dddd-1111-dddd-111111111111', 'eeee0004-eeee-0004-eeee-000000000004', 'Soybean', 'High-protein soybeans. Versatile for many dishes.', 'Soybean', 250.00, 'KG', 75.00, 'INR', 5.00, '2025-12-05', '2026-06-05', 'Lucknow, Uttar Pradesh', 26.8467, 80.9462, true, 'A', 'ACTIVE', 145, 4.25, 11, NOW(), NOW()),

-- Organic Products (10 products) - Farmer 1
('ffff0041-ffff-0041-ffff-000000000041', 'aaaa1111-aaaa-1111-aaaa-111111111111', 'dddd1111-dddd-1111-dddd-111111111111', 'eeee0007-eeee-0007-eeee-000000000007', 'Organic Jaggery (Gur)', 'Traditional unrefined jaggery. Natural sweetener with minerals.', 'Jaggery', 200.00, 'KG', 80.00, 'INR', 1.00, '2025-12-15', '2026-12-15', 'Lucknow, Uttar Pradesh', 26.8467, 80.9462, true, 'A+', 'ACTIVE', 189, 4.70, 16, NOW(), NOW()),
('ffff0042-ffff-0042-ffff-000000000042', 'aaaa1111-aaaa-1111-aaaa-111111111111', 'dddd1111-dddd-1111-dddd-111111111111', 'eeee0007-eeee-0007-eeee-000000000007', 'Cold Pressed Mustard Oil', 'Pure cold-pressed mustard oil. Traditional extraction method.', 'Mustard Oil', 100.00, 'LITRE', 220.00, 'INR', 1.00, '2025-12-20', '2026-06-20', 'Lucknow, Uttar Pradesh', 26.8467, 80.9462, true, 'A+', 'ACTIVE', 345, 4.80, 31, NOW(), NOW()),
('ffff0043-ffff-0043-ffff-000000000043', 'aaaa1111-aaaa-1111-aaaa-111111111111', 'dddd1111-dddd-1111-dddd-111111111111', 'eeee0007-eeee-0007-eeee-000000000007', 'Organic Honey', 'Raw, unprocessed honey from forest flowers. Rich in antioxidants.', 'Honey', 50.00, 'KG', 450.00, 'INR', 0.50, '2025-11-01', '2027-11-01', 'Lucknow, Uttar Pradesh', 26.8467, 80.9462, true, 'A+', 'ACTIVE', 412, 4.90, 38, NOW(), NOW()),
('ffff0044-ffff-0044-ffff-000000000044', 'aaaa1111-aaaa-1111-aaaa-111111111111', 'dddd1111-dddd-1111-dddd-111111111111', 'eeee0007-eeee-0007-eeee-000000000007', 'Organic Turmeric Powder', 'High curcumin organic turmeric. Ground fresh from our farm.', 'Turmeric', 80.00, 'KG', 280.00, 'INR', 0.25, '2025-12-10', '2026-12-10', 'Lucknow, Uttar Pradesh', 26.8467, 80.9462, true, 'A+', 'ACTIVE', 289, 4.75, 26, NOW(), NOW()),
('ffff0045-ffff-0045-ffff-000000000045', 'aaaa1111-aaaa-1111-aaaa-111111111111', 'dddd1111-dddd-1111-dddd-111111111111', 'eeee0007-eeee-0007-eeee-000000000007', 'Organic Ghee (Desi)', 'Pure A2 cow ghee made using traditional bilona method.', 'Ghee', 30.00, 'KG', 1500.00, 'INR', 0.50, '2026-01-01', '2026-07-01', 'Lucknow, Uttar Pradesh', 26.8467, 80.9462, true, 'A+', 'ACTIVE', 523, 4.95, 48, NOW(), NOW()),
('ffff0046-ffff-0046-ffff-000000000046', 'aaaa1111-aaaa-1111-aaaa-111111111111', 'dddd1111-dddd-1111-dddd-111111111111', 'eeee0007-eeee-0007-eeee-000000000007', 'Organic Coconut Oil', 'Virgin coconut oil. Cold-pressed and unrefined.', 'Coconut Oil', 60.00, 'LITRE', 350.00, 'INR', 0.50, '2025-12-25', '2026-06-25', 'Lucknow, Uttar Pradesh', 26.8467, 80.9462, true, 'A+', 'ACTIVE', 234, 4.65, 21, NOW(), NOW()),
('ffff0047-ffff-0047-ffff-000000000047', 'aaaa1111-aaaa-1111-aaaa-111111111111', 'dddd1111-dddd-1111-dddd-111111111111', 'eeee0007-eeee-0007-eeee-000000000007', 'Organic Flax Seeds', 'Omega-3 rich flax seeds. Great for smoothies and salads.', 'Flax Seeds', 40.00, 'KG', 200.00, 'INR', 0.25, '2025-12-15', '2026-06-15', 'Lucknow, Uttar Pradesh', 26.8467, 80.9462, true, 'A', 'ACTIVE', 178, 4.50, 15, NOW(), NOW()),
('ffff0048-ffff-0048-ffff-000000000048', 'aaaa1111-aaaa-1111-aaaa-111111111111', 'dddd1111-dddd-1111-dddd-111111111111', 'eeee0007-eeee-0007-eeee-000000000007', 'Organic Chia Seeds', 'Superfood chia seeds. High in fiber and omega-3.', 'Chia Seeds', 30.00, 'KG', 500.00, 'INR', 0.25, '2025-12-20', '2026-06-20', 'Lucknow, Uttar Pradesh', 26.8467, 80.9462, true, 'A+', 'ACTIVE', 256, 4.70, 22, NOW(), NOW()),
('ffff0049-ffff-0049-ffff-000000000049', 'aaaa1111-aaaa-1111-aaaa-111111111111', 'dddd1111-dddd-1111-dddd-111111111111', 'eeee0007-eeee-0007-eeee-000000000007', 'Organic Sesame Seeds', 'White sesame seeds. Perfect for tahini and cooking.', 'Sesame', 50.00, 'KG', 180.00, 'INR', 0.50, '2025-12-10', '2026-06-10', 'Lucknow, Uttar Pradesh', 26.8467, 80.9462, true, 'A', 'ACTIVE', 134, 4.40, 11, NOW(), NOW()),
('ffff0050-ffff-0050-ffff-000000000050', 'aaaa1111-aaaa-1111-aaaa-111111111111', 'dddd1111-dddd-1111-dddd-111111111111', 'eeee0007-eeee-0007-eeee-000000000007', 'Organic Sunflower Seeds', 'Crunchy sunflower seeds. Great for snacking and salads.', 'Sunflower Seeds', 45.00, 'KG', 160.00, 'INR', 0.50, '2025-12-08', '2026-06-08', 'Lucknow, Uttar Pradesh', 26.8467, 80.9462, true, 'A', 'ACTIVE', 112, 4.35, 9, NOW(), NOW()),

-- Farmer 2 (Priya Sharma) - 50 Products
-- Fruits (20 products)
('ffff0051-ffff-0051-ffff-000000000051', 'aaaa2222-aaaa-2222-aaaa-222222222222', 'dddd2222-dddd-2222-dddd-222222222222', 'eeee0002-eeee-0002-eeee-000000000002', 'Alphonso Mangoes', 'Premium Ratnagiri Alphonso mangoes. King of fruits with rich aroma.', 'Mango', 500.00, 'KG', 600.00, 'INR', 5.00, '2026-04-15', '2026-06-30', 'Pune, Maharashtra', 18.5204, 73.8567, true, 'A+', 'ACTIVE', 678, 4.90, 62, NOW(), NOW()),
('ffff0052-ffff-0052-ffff-000000000052', 'aaaa2222-aaaa-2222-aaaa-222222222222', 'dddd2222-dddd-2222-dddd-222222222222', 'eeee0002-eeee-0002-eeee-000000000002', 'Kesar Mangoes', 'Sweet and aromatic Kesar mangoes from Gujarat. Premium quality.', 'Mango', 400.00, 'KG', 450.00, 'INR', 5.00, '2026-04-20', '2026-07-15', 'Pune, Maharashtra', 18.5204, 73.8567, true, 'A', 'ACTIVE', 534, 4.80, 48, NOW(), NOW()),
('ffff0053-ffff-0053-ffff-000000000053', 'aaaa2222-aaaa-2222-aaaa-222222222222', 'dddd2222-dddd-2222-dddd-222222222222', 'eeee0002-eeee-0002-eeee-000000000002', 'Fresh Pomegranate', 'Ruby red pomegranates. Sweet and juicy with high antioxidants.', 'Pomegranate', 300.00, 'KG', 180.00, 'INR', 2.00, '2026-01-10', '2026-02-28', 'Pune, Maharashtra', 18.5204, 73.8567, true, 'A+', 'ACTIVE', 423, 4.75, 38, NOW(), NOW()),
('ffff0054-ffff-0054-ffff-000000000054', 'aaaa2222-aaaa-2222-aaaa-222222222222', 'dddd2222-dddd-2222-dddd-222222222222', 'eeee0002-eeee-0002-eeee-000000000002', 'Organic Bananas', 'Fresh organic bananas. Naturally ripened, chemical-free.', 'Banana', 800.00, 'KG', 45.00, 'INR', 5.00, '2026-01-15', '2026-01-30', 'Pune, Maharashtra', 18.5204, 73.8567, true, 'A', 'ACTIVE', 356, 4.60, 32, NOW(), NOW()),
('ffff0055-ffff-0055-ffff-000000000055', 'aaaa2222-aaaa-2222-aaaa-222222222222', 'dddd2222-dddd-2222-dddd-222222222222', 'eeee0002-eeee-0002-eeee-000000000002', 'Fresh Grapes (Thompson)', 'Sweet seedless Thompson grapes. Perfect for eating and juice.', 'Grapes', 400.00, 'KG', 120.00, 'INR', 2.00, '2026-01-12', '2026-02-15', 'Pune, Maharashtra', 18.5204, 73.8567, true, 'A', 'ACTIVE', 289, 4.55, 26, NOW(), NOW()),
('ffff0056-ffff-0056-ffff-000000000056', 'aaaa2222-aaaa-2222-aaaa-222222222222', 'dddd2222-dddd-2222-dddd-222222222222', 'eeee0002-eeee-0002-eeee-000000000002', 'Black Grapes', 'Sweet and tangy black grapes. High in antioxidants.', 'Grapes', 350.00, 'KG', 140.00, 'INR', 2.00, '2026-01-14', '2026-02-18', 'Pune, Maharashtra', 18.5204, 73.8567, true, 'A', 'ACTIVE', 234, 4.50, 21, NOW(), NOW()),
('ffff0057-ffff-0057-ffff-000000000057', 'aaaa2222-aaaa-2222-aaaa-222222222222', 'dddd2222-dddd-2222-dddd-222222222222', 'eeee0002-eeee-0002-eeee-000000000002', 'Fresh Papaya', 'Sweet and ripe papayas. Rich in vitamins and enzymes.', 'Papaya', 250.00, 'KG', 50.00, 'INR', 2.00, '2026-01-16', '2026-01-30', 'Pune, Maharashtra', 18.5204, 73.8567, true, 'A', 'ACTIVE', 178, 4.40, 15, NOW(), NOW()),
('ffff0058-ffff-0058-ffff-000000000058', 'aaaa2222-aaaa-2222-aaaa-222222222222', 'dddd2222-dddd-2222-dddd-222222222222', 'eeee0002-eeee-0002-eeee-000000000002', 'Fresh Guava (Pink)', 'Sweet pink guavas. High in vitamin C and fiber.', 'Guava', 200.00, 'KG', 65.00, 'INR', 2.00, '2026-01-18', '2026-02-05', 'Pune, Maharashtra', 18.5204, 73.8567, true, 'A', 'ACTIVE', 156, 4.45, 13, NOW(), NOW()),
('ffff0059-ffff-0059-ffff-000000000059', 'aaaa2222-aaaa-2222-aaaa-222222222222', 'dddd2222-dddd-2222-dddd-222222222222', 'eeee0002-eeee-0002-eeee-000000000002', 'Sweet Lime (Mosambi)', 'Juicy sweet limes. Perfect for fresh juice.', 'Sweet Lime', 300.00, 'KG', 55.00, 'INR', 3.00, '2026-01-15', '2026-02-10', 'Pune, Maharashtra', 18.5204, 73.8567, false, 'A', 'ACTIVE', 198, 4.35, 17, NOW(), NOW()),
('ffff0060-ffff-0060-ffff-000000000060', 'aaaa2222-aaaa-2222-aaaa-222222222222', 'dddd2222-dddd-2222-dddd-222222222222', 'eeee0002-eeee-0002-eeee-000000000002', 'Fresh Oranges (Nagpur)', 'Famous Nagpur oranges. Sweet and tangy with bright color.', 'Orange', 400.00, 'KG', 70.00, 'INR', 3.00, '2026-01-10', '2026-02-15', 'Pune, Maharashtra', 18.5204, 73.8567, false, 'A', 'ACTIVE', 267, 4.55, 24, NOW(), NOW()),
('ffff0061-ffff-0061-ffff-000000000061', 'aaaa2222-aaaa-2222-aaaa-222222222222', 'dddd2222-dddd-2222-dddd-222222222222', 'eeee0002-eeee-0002-eeee-000000000002', 'Fresh Pineapple', 'Sweet and tangy pineapples. Perfectly ripened.', 'Pineapple', 200.00, 'KG', 60.00, 'INR', 2.00, '2026-01-17', '2026-02-05', 'Pune, Maharashtra', 18.5204, 73.8567, true, 'A', 'ACTIVE', 145, 4.50, 12, NOW(), NOW()),
('ffff0062-ffff-0062-ffff-000000000062', 'aaaa2222-aaaa-2222-aaaa-222222222222', 'dddd2222-dddd-2222-dddd-222222222222', 'eeee0002-eeee-0002-eeee-000000000002', 'Fresh Watermelon', 'Juicy red watermelons. Perfect for summer refreshment.', 'Watermelon', 500.00, 'KG', 25.00, 'INR', 5.00, '2026-01-15', '2026-01-30', 'Pune, Maharashtra', 18.5204, 73.8567, false, 'A', 'ACTIVE', 312, 4.40, 28, NOW(), NOW()),
('ffff0063-ffff-0063-ffff-000000000063', 'aaaa2222-aaaa-2222-aaaa-222222222222', 'dddd2222-dddd-2222-dddd-222222222222', 'eeee0002-eeee-0002-eeee-000000000002', 'Fresh Muskmelon', 'Sweet aromatic muskmelons. Refreshing summer fruit.', 'Muskmelon', 300.00, 'KG', 35.00, 'INR', 3.00, '2026-01-16', '2026-02-01', 'Pune, Maharashtra', 18.5204, 73.8567, false, 'A', 'ACTIVE', 189, 4.30, 16, NOW(), NOW()),
('ffff0064-ffff-0064-ffff-000000000064', 'aaaa2222-aaaa-2222-aaaa-222222222222', 'dddd2222-dddd-2222-dddd-222222222222', 'eeee0002-eeee-0002-eeee-000000000002', 'Organic Apples (Shimla)', 'Fresh Shimla apples. Crisp and sweet with natural taste.', 'Apple', 250.00, 'KG', 180.00, 'INR', 2.00, '2026-01-05', '2026-02-28', 'Pune, Maharashtra', 18.5204, 73.8567, true, 'A+', 'ACTIVE', 356, 4.70, 32, NOW(), NOW()),
('ffff0065-ffff-0065-ffff-000000000065', 'aaaa2222-aaaa-2222-aaaa-222222222222', 'dddd2222-dddd-2222-dddd-222222222222', 'eeee0002-eeee-0002-eeee-000000000002', 'Fresh Strawberries', 'Sweet organic strawberries. Freshly picked from our farm.', 'Strawberry', 100.00, 'KG', 350.00, 'INR', 0.50, '2026-01-18', '2026-01-28', 'Pune, Maharashtra', 18.5204, 73.8567, true, 'A+', 'ACTIVE', 445, 4.85, 40, NOW(), NOW()),
('ffff0066-ffff-0066-ffff-000000000066', 'aaaa2222-aaaa-2222-aaaa-222222222222', 'dddd2222-dddd-2222-dddd-222222222222', 'eeee0002-eeee-0002-eeee-000000000002', 'Dragon Fruit', 'Exotic pink dragon fruit. Mildly sweet with unique texture.', 'Dragon Fruit', 80.00, 'KG', 280.00, 'INR', 0.50, '2026-01-19', '2026-02-05', 'Pune, Maharashtra', 18.5204, 73.8567, true, 'A+', 'ACTIVE', 312, 4.65, 28, NOW(), NOW()),
('ffff0067-ffff-0067-ffff-000000000067', 'aaaa2222-aaaa-2222-aaaa-222222222222', 'dddd2222-dddd-2222-dddd-222222222222', 'eeee0002-eeee-0002-eeee-000000000002', 'Fresh Kiwi', 'Tangy and sweet kiwis. Rich in vitamin C and fiber.', 'Kiwi', 60.00, 'KG', 320.00, 'INR', 0.50, '2026-01-15', '2026-02-10', 'Pune, Maharashtra', 18.5204, 73.8567, true, 'A', 'ACTIVE', 234, 4.55, 21, NOW(), NOW()),
('ffff0068-ffff-0068-ffff-000000000068', 'aaaa2222-aaaa-2222-aaaa-222222222222', 'dddd2222-dddd-2222-dddd-222222222222', 'eeee0002-eeee-0002-eeee-000000000002', 'Fresh Avocado', 'Creamy Hass avocados. Perfect for guacamole and salads.', 'Avocado', 50.00, 'KG', 400.00, 'INR', 0.50, '2026-01-17', '2026-02-01', 'Pune, Maharashtra', 18.5204, 73.8567, true, 'A+', 'ACTIVE', 289, 4.75, 26, NOW(), NOW()),
('ffff0069-ffff-0069-ffff-000000000069', 'aaaa2222-aaaa-2222-aaaa-222222222222', 'dddd2222-dddd-2222-dddd-222222222222', 'eeee0002-eeee-0002-eeee-000000000002', 'Fresh Litchi', 'Sweet and aromatic litchis. Seasonal delicacy.', 'Litchi', 150.00, 'KG', 200.00, 'INR', 1.00, '2026-05-15', '2026-06-30', 'Pune, Maharashtra', 18.5204, 73.8567, true, 'A', 'ACTIVE', 178, 4.60, 15, NOW(), NOW()),
('ffff0070-ffff-0070-ffff-000000000070', 'aaaa2222-aaaa-2222-aaaa-222222222222', 'dddd2222-dddd-2222-dddd-222222222222', 'eeee0002-eeee-0002-eeee-000000000002', 'Fresh Coconut', 'Tender coconuts for drinking. Fresh and natural.', 'Coconut', 400.00, 'PIECE', 45.00, 'INR', 5.00, '2026-01-18', '2026-02-18', 'Pune, Maharashtra', 18.5204, 73.8567, true, 'A', 'ACTIVE', 267, 4.50, 24, NOW(), NOW()),

-- Spices (20 products) - Farmer 2
('ffff0071-ffff-0071-ffff-000000000071', 'aaaa2222-aaaa-2222-aaaa-222222222222', 'dddd2222-dddd-2222-dddd-222222222222', 'eeee0005-eeee-0005-eeee-000000000005', 'Red Chilli Powder', 'Premium red chilli powder. Perfect heat and color for curries.', 'Red Chilli', 100.00, 'KG', 350.00, 'INR', 0.25, '2025-12-01', '2026-12-01', 'Pune, Maharashtra', 18.5204, 73.8567, true, 'A', 'ACTIVE', 456, 4.65, 42, NOW(), NOW()),
('ffff0072-ffff-0072-ffff-000000000072', 'aaaa2222-aaaa-2222-aaaa-222222222222', 'dddd2222-dddd-2222-dddd-222222222222', 'eeee0005-eeee-0005-eeee-000000000005', 'Kashmiri Red Chilli', 'Mild Kashmiri chilli for rich color without heat.', 'Kashmiri Chilli', 50.00, 'KG', 550.00, 'INR', 0.25, '2025-11-15', '2026-11-15', 'Pune, Maharashtra', 18.5204, 73.8567, true, 'A+', 'ACTIVE', 389, 4.80, 35, NOW(), NOW()),
('ffff0073-ffff-0073-ffff-000000000073', 'aaaa2222-aaaa-2222-aaaa-222222222222', 'dddd2222-dddd-2222-dddd-222222222222', 'eeee0005-eeee-0005-eeee-000000000005', 'Cumin Seeds (Jeera)', 'Aromatic cumin seeds. Essential for Indian cooking.', 'Cumin', 80.00, 'KG', 380.00, 'INR', 0.25, '2025-12-10', '2026-12-10', 'Pune, Maharashtra', 18.5204, 73.8567, true, 'A', 'ACTIVE', 345, 4.70, 31, NOW(), NOW()),
('ffff0074-ffff-0074-ffff-000000000074', 'aaaa2222-aaaa-2222-aaaa-222222222222', 'dddd2222-dddd-2222-dddd-222222222222', 'eeee0005-eeee-0005-eeee-000000000005', 'Coriander Seeds', 'Fragrant coriander seeds. Perfect for tempering and ground spice.', 'Coriander', 100.00, 'KG', 180.00, 'INR', 0.50, '2025-12-05', '2026-12-05', 'Pune, Maharashtra', 18.5204, 73.8567, true, 'A', 'ACTIVE', 278, 4.55, 25, NOW(), NOW()),
('ffff0075-ffff-0075-ffff-000000000075', 'aaaa2222-aaaa-2222-aaaa-222222222222', 'dddd2222-dddd-2222-dddd-222222222222', 'eeee0005-eeee-0005-eeee-000000000005', 'Black Pepper (Kali Mirch)', 'Premium Malabar black pepper. Strong aroma and flavor.', 'Black Pepper', 50.00, 'KG', 750.00, 'INR', 0.25, '2025-11-20', '2026-11-20', 'Pune, Maharashtra', 18.5204, 73.8567, true, 'A+', 'ACTIVE', 412, 4.85, 38, NOW(), NOW()),
('ffff0076-ffff-0076-ffff-000000000076', 'aaaa2222-aaaa-2222-aaaa-222222222222', 'dddd2222-dddd-2222-dddd-222222222222', 'eeee0005-eeee-0005-eeee-000000000005', 'Cardamom (Elaichi)', 'Green cardamom pods. Premium quality for desserts and chai.', 'Cardamom', 20.00, 'KG', 2500.00, 'INR', 0.10, '2025-11-25', '2026-11-25', 'Pune, Maharashtra', 18.5204, 73.8567, true, 'A+', 'ACTIVE', 523, 4.90, 48, NOW(), NOW()),
('ffff0077-ffff-0077-ffff-000000000077', 'aaaa2222-aaaa-2222-aaaa-222222222222', 'dddd2222-dddd-2222-dddd-222222222222', 'eeee0005-eeee-0005-eeee-000000000005', 'Cinnamon Sticks (Dalchini)', 'Ceylon cinnamon sticks. Sweet and aromatic.', 'Cinnamon', 30.00, 'KG', 850.00, 'INR', 0.25, '2025-12-01', '2026-12-01', 'Pune, Maharashtra', 18.5204, 73.8567, true, 'A', 'ACTIVE', 234, 4.60, 21, NOW(), NOW()),
('ffff0078-ffff-0078-ffff-000000000078', 'aaaa2222-aaaa-2222-aaaa-222222222222', 'dddd2222-dddd-2222-dddd-222222222222', 'eeee0005-eeee-0005-eeee-000000000005', 'Cloves (Laung)', 'Aromatic whole cloves. Essential for biryani and garam masala.', 'Cloves', 25.00, 'KG', 1200.00, 'INR', 0.10, '2025-11-28', '2026-11-28', 'Pune, Maharashtra', 18.5204, 73.8567, true, 'A+', 'ACTIVE', 298, 4.75, 27, NOW(), NOW()),
('ffff0079-ffff-0079-ffff-000000000079', 'aaaa2222-aaaa-2222-aaaa-222222222222', 'dddd2222-dddd-2222-dddd-222222222222', 'eeee0005-eeee-0005-eeee-000000000005', 'Mustard Seeds', 'Black and yellow mustard seeds. For tempering and pickles.', 'Mustard', 60.00, 'KG', 120.00, 'INR', 0.50, '2025-12-08', '2026-12-08', 'Pune, Maharashtra', 18.5204, 73.8567, true, 'A', 'ACTIVE', 178, 4.40, 15, NOW(), NOW()),
('ffff0080-ffff-0080-ffff-000000000080', 'aaaa2222-aaaa-2222-aaaa-222222222222', 'dddd2222-dddd-2222-dddd-222222222222', 'eeee0005-eeee-0005-eeee-000000000005', 'Fenugreek Seeds (Methi)', 'Aromatic fenugreek seeds. Great for pickles and curries.', 'Fenugreek', 50.00, 'KG', 150.00, 'INR', 0.50, '2025-12-12', '2026-12-12', 'Pune, Maharashtra', 18.5204, 73.8567, true, 'A', 'ACTIVE', 145, 4.35, 12, NOW(), NOW()),
('ffff0081-ffff-0081-ffff-000000000081', 'aaaa2222-aaaa-2222-aaaa-222222222222', 'dddd2222-dddd-2222-dddd-222222222222', 'eeee0005-eeee-0005-eeee-000000000005', 'Bay Leaves (Tej Patta)', 'Aromatic bay leaves. Essential for biryani and curries.', 'Bay Leaf', 30.00, 'KG', 450.00, 'INR', 0.25, '2025-12-05', '2026-12-05', 'Pune, Maharashtra', 18.5204, 73.8567, true, 'A', 'ACTIVE', 167, 4.45, 14, NOW(), NOW()),
('ffff0082-ffff-0082-ffff-000000000082', 'aaaa2222-aaaa-2222-aaaa-222222222222', 'dddd2222-dddd-2222-dddd-222222222222', 'eeee0005-eeee-0005-eeee-000000000005', 'Star Anise (Chakra Phool)', 'Aromatic star anise. Perfect for biryani and chai.', 'Star Anise', 15.00, 'KG', 900.00, 'INR', 0.10, '2025-11-30', '2026-11-30', 'Pune, Maharashtra', 18.5204, 73.8567, true, 'A', 'ACTIVE', 134, 4.50, 11, NOW(), NOW()),
('ffff0083-ffff-0083-ffff-000000000083', 'aaaa2222-aaaa-2222-aaaa-222222222222', 'dddd2222-dddd-2222-dddd-222222222222', 'eeee0005-eeee-0005-eeee-000000000005', 'Nutmeg (Jaiphal)', 'Whole nutmeg for grating. Warm and aromatic.', 'Nutmeg', 10.00, 'KG', 1800.00, 'INR', 0.10, '2025-11-22', '2026-11-22', 'Pune, Maharashtra', 18.5204, 73.8567, true, 'A+', 'ACTIVE', 189, 4.65, 16, NOW(), NOW()),
('ffff0084-ffff-0084-ffff-000000000084', 'aaaa2222-aaaa-2222-aaaa-222222222222', 'dddd2222-dddd-2222-dddd-222222222222', 'eeee0005-eeee-0005-eeee-000000000005', 'Mace (Javitri)', 'Aromatic mace. Outer covering of nutmeg with unique flavor.', 'Mace', 8.00, 'KG', 2200.00, 'INR', 0.05, '2025-11-24', '2026-11-24', 'Pune, Maharashtra', 18.5204, 73.8567, true, 'A+', 'ACTIVE', 112, 4.55, 9, NOW(), NOW()),
('ffff0085-ffff-0085-ffff-000000000085', 'aaaa2222-aaaa-2222-aaaa-222222222222', 'dddd2222-dddd-2222-dddd-222222222222', 'eeee0005-eeee-0005-eeee-000000000005', 'Fennel Seeds (Saunf)', 'Sweet fennel seeds. Great for digestion and mouth freshener.', 'Fennel', 60.00, 'KG', 200.00, 'INR', 0.25, '2025-12-15', '2026-12-15', 'Pune, Maharashtra', 18.5204, 73.8567, true, 'A', 'ACTIVE', 223, 4.60, 20, NOW(), NOW()),
('ffff0086-ffff-0086-ffff-000000000086', 'aaaa2222-aaaa-2222-aaaa-222222222222', 'dddd2222-dddd-2222-dddd-222222222222', 'eeee0005-eeee-0005-eeee-000000000005', 'Carom Seeds (Ajwain)', 'Aromatic ajwain seeds. Aids digestion and adds flavor.', 'Carom', 40.00, 'KG', 280.00, 'INR', 0.25, '2025-12-18', '2026-12-18', 'Pune, Maharashtra', 18.5204, 73.8567, true, 'A', 'ACTIVE', 156, 4.40, 13, NOW(), NOW()),
('ffff0087-ffff-0087-ffff-000000000087', 'aaaa2222-aaaa-2222-aaaa-222222222222', 'dddd2222-dddd-2222-dddd-222222222222', 'eeee0005-eeee-0005-eeee-000000000005', 'Asafoetida (Hing)', 'Pure compounded hing. Essential for South Indian cooking.', 'Asafoetida', 20.00, 'KG', 1500.00, 'INR', 0.10, '2025-12-10', '2026-12-10', 'Pune, Maharashtra', 18.5204, 73.8567, true, 'A+', 'ACTIVE', 278, 4.70, 25, NOW(), NOW()),
('ffff0088-ffff-0088-ffff-000000000088', 'aaaa2222-aaaa-2222-aaaa-222222222222', 'dddd2222-dddd-2222-dddd-222222222222', 'eeee0005-eeee-0005-eeee-000000000005', 'Saffron (Kesar)', 'Premium Kashmiri saffron. World s most precious spice.', 'Saffron', 1.00, 'KG', 250000.00, 'INR', 0.001, '2025-11-01', '2027-11-01', 'Pune, Maharashtra', 18.5204, 73.8567, true, 'A+', 'ACTIVE', 567, 4.95, 52, NOW(), NOW()),
('ffff0089-ffff-0089-ffff-000000000089', 'aaaa2222-aaaa-2222-aaaa-222222222222', 'dddd2222-dddd-2222-dddd-222222222222', 'eeee0005-eeee-0005-eeee-000000000005', 'Dry Ginger Powder', 'Pure dried ginger powder. Adds warmth and flavor.', 'Ginger', 40.00, 'KG', 320.00, 'INR', 0.25, '2025-12-20', '2026-12-20', 'Pune, Maharashtra', 18.5204, 73.8567, true, 'A', 'ACTIVE', 198, 4.55, 17, NOW(), NOW()),
('ffff0090-ffff-0090-ffff-000000000090', 'aaaa2222-aaaa-2222-aaaa-222222222222', 'dddd2222-dddd-2222-dddd-222222222222', 'eeee0005-eeee-0005-eeee-000000000005', 'Garam Masala Blend', 'Homemade garam masala blend. Perfect spice mix for curries.', 'Garam Masala', 50.00, 'KG', 400.00, 'INR', 0.25, '2025-12-25', '2026-06-25', 'Pune, Maharashtra', 18.5204, 73.8567, true, 'A+', 'ACTIVE', 345, 4.80, 31, NOW(), NOW()),

-- Dairy Products (5 products) - Farmer 2
('ffff0091-ffff-0091-ffff-000000000091', 'aaaa2222-aaaa-2222-aaaa-222222222222', 'dddd2222-dddd-2222-dddd-222222222222', 'eeee0006-eeee-0006-eeee-000000000006', 'Fresh A2 Cow Milk', 'Pure A2 cow milk from grass-fed cows. No hormones or antibiotics.', 'Milk', 100.00, 'LITRE', 80.00, 'INR', 1.00, '2026-01-19', '2026-01-22', 'Pune, Maharashtra', 18.5204, 73.8567, true, 'A+', 'ACTIVE', 234, 4.70, 21, NOW(), NOW()),
('ffff0092-ffff-0092-ffff-000000000092', 'aaaa2222-aaaa-2222-aaaa-222222222222', 'dddd2222-dddd-2222-dddd-222222222222', 'eeee0006-eeee-0006-eeee-000000000006', 'Fresh Paneer', 'Homemade fresh paneer from A2 milk. Soft and creamy.', 'Paneer', 30.00, 'KG', 400.00, 'INR', 0.25, '2026-01-19', '2026-01-26', 'Pune, Maharashtra', 18.5204, 73.8567, true, 'A', 'ACTIVE', 312, 4.65, 28, NOW(), NOW()),
('ffff0093-ffff-0093-ffff-000000000093', 'aaaa2222-aaaa-2222-aaaa-222222222222', 'dddd2222-dddd-2222-dddd-222222222222', 'eeee0006-eeee-0006-eeee-000000000006', 'Desi Cow Curd', 'Thick and creamy curd from A2 milk. Probiotic rich.', 'Curd', 50.00, 'KG', 100.00, 'INR', 0.50, '2026-01-19', '2026-01-24', 'Pune, Maharashtra', 18.5204, 73.8567, true, 'A', 'ACTIVE', 189, 4.55, 16, NOW(), NOW()),
('ffff0094-ffff-0094-ffff-000000000094', 'aaaa2222-aaaa-2222-aaaa-222222222222', 'dddd2222-dddd-2222-dddd-222222222222', 'eeee0006-eeee-0006-eeee-000000000006', 'Fresh Butter', 'Homemade white butter from A2 milk. Rich and creamy.', 'Butter', 20.00, 'KG', 800.00, 'INR', 0.25, '2026-01-19', '2026-02-19', 'Pune, Maharashtra', 18.5204, 73.8567, true, 'A+', 'ACTIVE', 267, 4.75, 24, NOW(), NOW()),
('ffff0095-ffff-0095-ffff-000000000095', 'aaaa2222-aaaa-2222-aaaa-222222222222', 'dddd2222-dddd-2222-dddd-222222222222', 'eeee0006-eeee-0006-eeee-000000000006', 'Fresh Buttermilk', 'Traditional chaas/buttermilk. Refreshing and digestive.', 'Buttermilk', 80.00, 'LITRE', 40.00, 'INR', 1.00, '2026-01-19', '2026-01-23', 'Pune, Maharashtra', 18.5204, 73.8567, true, 'A', 'ACTIVE', 145, 4.45, 12, NOW(), NOW()),

-- Seeds & Saplings (5 products) - Farmer 2
('ffff0096-ffff-0096-ffff-000000000096', 'aaaa2222-aaaa-2222-aaaa-222222222222', 'dddd2222-dddd-2222-dddd-222222222222', 'eeee0008-eeee-0008-eeee-000000000008', 'Tomato Seeds (Hybrid)', 'High-yield hybrid tomato seeds. Disease resistant variety.', 'Tomato Seeds', 10.00, 'KG', 2500.00, 'INR', 0.10, '2025-10-01', '2026-10-01', 'Pune, Maharashtra', 18.5204, 73.8567, false, 'A', 'ACTIVE', 234, 4.50, 21, NOW(), NOW()),
('ffff0097-ffff-0097-ffff-000000000097', 'aaaa2222-aaaa-2222-aaaa-222222222222', 'dddd2222-dddd-2222-dddd-222222222222', 'eeee0008-eeee-0008-eeee-000000000008', 'Chilli Seeds (Organic)', 'Organic green chilli seeds. Hot variety with high yield.', 'Chilli Seeds', 8.00, 'KG', 3000.00, 'INR', 0.10, '2025-09-15', '2026-09-15', 'Pune, Maharashtra', 18.5204, 73.8567, true, 'A', 'ACTIVE', 178, 4.55, 15, NOW(), NOW()),
('ffff0098-ffff-0098-ffff-000000000098', 'aaaa2222-aaaa-2222-aaaa-222222222222', 'dddd2222-dddd-2222-dddd-222222222222', 'eeee0008-eeee-0008-eeee-000000000008', 'Mango Saplings (Alphonso)', 'Grafted Alphonso mango saplings. Start bearing fruit in 3-4 years.', 'Mango Sapling', 500.00, 'PIECE', 350.00, 'INR', 5.00, '2025-08-01', '2026-08-01', 'Pune, Maharashtra', 18.5204, 73.8567, true, 'A+', 'ACTIVE', 312, 4.70, 28, NOW(), NOW()),
('ffff0099-ffff-0099-ffff-000000000099', 'aaaa2222-aaaa-2222-aaaa-222222222222', 'dddd2222-dddd-2222-dddd-222222222222', 'eeee0008-eeee-0008-eeee-000000000008', 'Papaya Saplings', 'Ready-to-plant papaya saplings. Quick fruiting variety.', 'Papaya Sapling', 300.00, 'PIECE', 80.00, 'INR', 10.00, '2025-09-01', '2026-03-01', 'Pune, Maharashtra', 18.5204, 73.8567, true, 'A', 'ACTIVE', 189, 4.45, 16, NOW(), NOW()),
('ffff0100-ffff-0100-ffff-000000000100', 'aaaa2222-aaaa-2222-aaaa-222222222222', 'dddd2222-dddd-2222-dddd-222222222222', 'eeee0008-eeee-0008-eeee-000000000008', 'Coconut Saplings', 'Hybrid coconut palm saplings. Drought resistant and high yield.', 'Coconut Sapling', 200.00, 'PIECE', 250.00, 'INR', 5.00, '2025-07-01', '2026-07-01', 'Pune, Maharashtra', 18.5204, 73.8567, true, 'A', 'ACTIVE', 156, 4.40, 13, NOW(), NOW())
ON CONFLICT (id) DO NOTHING;

-- =====================================================
-- LISTING IMAGES
-- =====================================================
-- Add primary images for each listing (using placeholder URLs - you should replace with actual image URLs)
INSERT INTO listing_images (id, listing_id, image_url, is_primary, sort_order, created_at)
SELECT 
    uuid_generate_v4(),
    id,
    CASE 
        WHEN crop_type = 'Tomato' THEN 'https://images.unsplash.com/photo-1546470427-227c8e4d8a1d?w=400'
        WHEN crop_type = 'Capsicum' THEN 'https://images.unsplash.com/photo-1563565375-f3fdfdbefa83?w=400'
        WHEN crop_type = 'Spinach' THEN 'https://images.unsplash.com/photo-1576045057995-568f588f82fb?w=400'
        WHEN crop_type = 'Potato' THEN 'https://images.unsplash.com/photo-1518977676601-b53f82ber8a?w=400'
        WHEN crop_type = 'Onion' THEN 'https://images.unsplash.com/photo-1618512496248-a07fe83aa8cb?w=400'
        WHEN crop_type = 'Carrot' THEN 'https://images.unsplash.com/photo-1598170845058-32b9d6a5da37?w=400'
        WHEN crop_type = 'Rice' THEN 'https://images.unsplash.com/photo-1586201375761-83865001e31c?w=400'
        WHEN crop_type = 'Wheat' THEN 'https://images.unsplash.com/photo-1574323347407-f5e1ad6d020b?w=400'
        WHEN crop_type = 'Mango' THEN 'https://images.unsplash.com/photo-1553279768-865429fa0078?w=400'
        WHEN crop_type = 'Banana' THEN 'https://images.unsplash.com/photo-1571771894821-ce9b6c11b08e?w=400'
        WHEN crop_type = 'Pomegranate' THEN 'https://images.unsplash.com/photo-1615485290382-441e4d049cb5?w=400'
        WHEN crop_type = 'Grapes' THEN 'https://images.unsplash.com/photo-1537640538966-79f369143f8f?w=400'
        WHEN crop_type = 'Red Chilli' THEN 'https://images.unsplash.com/photo-1583119022894-919a68a3d0e3?w=400'
        WHEN crop_type = 'Cumin' THEN 'https://images.unsplash.com/photo-1599909533402-72d7a8208e8a?w=400'
        WHEN crop_type = 'Black Pepper' THEN 'https://images.unsplash.com/photo-1599909533403-b3cd0f3b5e7c?w=400'
        WHEN crop_type = 'Cardamom' THEN 'https://images.unsplash.com/photo-1596040033229-a9821ebd058d?w=400'
        WHEN crop_type = 'Milk' THEN 'https://images.unsplash.com/photo-1563636619-e9143da7973b?w=400'
        WHEN crop_type = 'Paneer' THEN 'https://images.unsplash.com/photo-1631452180519-c014fe946bc7?w=400'
        WHEN crop_type = 'Honey' THEN 'https://images.unsplash.com/photo-1587049352846-4a222e784d38?w=400'
        WHEN crop_type = 'Ghee' THEN 'https://images.unsplash.com/photo-1631898039984-fd5f61fe8730?w=400'
        ELSE 'https://images.unsplash.com/photo-1560493676-04071c5f467b?w=400'
    END,
    true,
    0,
    NOW()
FROM listings
ON CONFLICT DO NOTHING;

-- =====================================================
-- END OF SEED DATA
-- =====================================================
